"","gen.name2","name3","rate.0.5","density","temp.niche.low","temp.niche.high","temp.niche.width","temp.max.rate","temp.temp.at.max.rate","water.niche.low","water.high","water.niche.width","water.max.r","water.mpa.at.max.r","bg","cbh","phos","nag","lap","abts","perox","phenox","net.perox","bg.w","cbh.w","phos.w","nag.w","lap.w","abts.w","perox.w","phenox.w","net.perox.w","ranking","X1","X2","X4","X6","X7","X8","X9","X10","X11","X12","X14","X16","X18","X20","X21","X23","X24","X25","X26","X27","X28","X29","X30","X35","X36","X37","X39","X40","X41","X42","X43","X44","X45","X47","X48","X51","X54","X55","X56","X57","X58","X60","X62","X63","X65","X","X67","X68","X70","X71","X72","X73","X74","X75","X.1","X78","X79","X81","X84","X85","X86","X87","X89","X91","X92","X93","X97","X99","X101","X102","X103"
"1","Armillaria_gallica_FP102531_C6D","a.gal1.s",0.25,0.1,6.4,31.1,24.7,0.415004296,25,0.45,3.46,3.01,0.389915068,-0.89,2.9,1.2,44.1,45.6,1e-04,3.845,0.056,0.0325,0.061,4.2,1.7,20.4,13,0.4,4.798,0.087,0.025,0.061,0.232495277487639,0,20573.6,64543.2,6437.2,11829.8,4780.2,1630.6,698,42636.8,6292.2,11226,6294,9634501.6,25983,167940.8,249893.4,230322.4,21550,23387.2,1303315.2,55115,1167,19716,27724.4,34725,47674,90141.6,53073.6,38680,159483.6,926.2,380072.8,45841,0,18574,10571.8,19030.2,2343.8,7210,0,26065.4,0,0,0,0,0,0,0,0,0,0,0,0,0,0,0,0,0,0,0,0,0,0,0,0,0,0,0,0,0,0
"2","Armillaria_gallica_EL8_A6F","a.gal10.n",0.35,1.02,19.2,32.5,13.3,0.733935094,29.8,0.47,2.55,2.08,0.568402044,-0.78,2.3,1.9,36.5,22.1,1e-04,2.087,0.045,0.14,0.12,8,1.3,52.7,36.1,0.1,2.422,0.045,0.14,0,0.164398987305357,NA,NA,NA,NA,NA,NA,NA,NA,NA,NA,NA,NA,NA,NA,NA,NA,NA,NA,NA,NA,NA,NA,NA,NA,NA,NA,NA,NA,NA,NA,NA,NA,NA,NA,NA,NA,NA,NA,NA,NA,NA,NA,NA,NA,NA,NA,NA,NA,NA,NA,NA,NA,NA,NA,NA,NA,NA,NA,NA,NA,NA,NA,NA,NA,NA,NA,NA,NA,NA,NA,NA
"3","Armillaria_gallica_FP102534_A5A","a.gal2.s",0.21,0.16,6,30.4,24.4,0.338826951,25.1,0.47,4.18,3.71,0.361211721,-0.92,3.2,1.1,58.6,26.5,1e-04,3.34,0.033,0.03,0.042,6.2,1.5,92.4,35,0.4,3.34,0.033,0.03,0.002,0.232495277487639,0,13904.6,85617.2,4211.2,0,1892.2,3473.6,899,120056.8,0,6376,14455,8807386.6,32781,125039.8,161443.4,215179.4,19781,0,1300811.2,41242,1226,17906,25813.4,26350,47183,59699.6,78636.6,31818,168805.6,0,361444.8,61521,0,22145,13384.8,9384.2,627.8,5617,133,37039.4,0,0,0,0,0,0,0,0,0,0,0,0,0,0,520,572,0,0,0,0,0,0,0,0,0,0,0,0,846.4,0
"4","Armillaria_gallica_FP102535_A5D","a.gal3.s",0.25,0.5,6.6,30.9,24.3,0.298070112,25.8,0.34,4.64,4.3,0.294313062,-0.85,1.9,1.4,48.6,26.4,1e-04,0.97,0.025,0.003,0.0575,7.9,1.8,29.5,26.1,0.3,0.97,0.025,0.003,0.022,0.232495277487639,0,10134.6,132288.2,349.2,0,1568.2,1774.6,548,21934.8,12350.2,4212,4689,7946125.6,25890,107267.8,166160.4,190105.4,15372,20845.2,1096985.2,41457,338,13270,28805.4,34321,34904,0,68889.6,23122,196752.6,0,324311.8,35941,0,0,8468.8,11760.2,585.8,5186,892,31773.4,0,0,0,0,0,0,0,0,0,0,0,0,0,0,252,0,0,0,0,0,0,0,0,0,0,0,0,0,0,0
"5","Armillaria_gallica_FP102542_A5B","a.gal5.s",0.25,0.65,11.3,29.5,18.2,0.390822629,23.9,0.52,3.09,2.57,0.555147542,-0.9,2.6,2,13,11.8,0.1,0.9015,0.0585,0.057,0.049,3.7,1.8,36.4,12.3,0.4,1.608,0.077,0.057,0.019,0.367607311046904,NA,NA,NA,NA,NA,NA,NA,NA,NA,0,12934,30905,10476593.6,19934,169912.8,194275.4,254279.4,22023,4657.2,1581348.2,51060,1992,31247,33334.4,0,67386,182576.6,57863.6,37143,206514.6,0,390185.8,38225,0,27052,13449.8,16460.2,213.8,8035,420,82442.4,0,0,0,0,0,0,0,0,0,0,2767,0,2237,0,546,281,0,0,0,0,0,0,0,0,0,0,0,0,0,11833.6
"6","Armillaria_gallica_HHB12551_C6C","a.gal6.n",0.49,0.91,15,31.2,16.2,0.549312702,25.7,0.19,4.34,4.15,0.352634059,-0.68,0.6,1.1,4.7,1.7,0.1,1e-04,0.065,0.099,0.0695,2.2,1.9,17.4,5,0.2,0,0.11,0.099,0.011,0,0,11035.6,112023.2,1186.2,0,390.2,913.6,424,9804.8,9023.2,14610,10746,10126912.6,32192,192177.8,256389.4,290337.4,26376,17094.2,1373067.2,70238,1635,20128,41169.4,46118,53096,95244.6,60470.6,40181,298197.6,0,497289.8,47957,0,46259,14897.8,15510.2,1603.8,19647,543,57172.4,0,0,0,0,0,0,0,0,6171,0,259,0,0,0,683,0,0,0,0,0,0,0,0,0,0,0,0,0,0,1987.6
"7","Armillaria_gallica_OC1_A6E","a.gal8.n",0.25,0.55,17.6,33,15.4,0.625649586,29.9,0.49,2.85,2.36,0.459362594,-0.84,3.9,1,60.7,87,0.1,2.702,0.066,0.028,0.048,15.4,2.9,128.7,127.5,0.4,2.702,0.066,0.028,0.038,0.164398987305357,NA,NA,NA,NA,NA,NA,NA,NA,NA,NA,NA,NA,NA,NA,NA,NA,NA,NA,NA,NA,NA,NA,NA,NA,NA,NA,NA,NA,NA,NA,NA,NA,NA,NA,NA,NA,NA,NA,NA,NA,NA,NA,NA,NA,NA,NA,NA,NA,NA,NA,NA,NA,NA,NA,NA,NA,NA,NA,NA,NA,NA,NA,NA,NA,NA,NA,NA,NA,NA,NA,NA
"8","Armillaria_gallica_SH1_A4A","a.gal9.n",0.76,0.61,20.1,29.4,9.3,0.958909243,26.2,0.17,2.21,2.04,0.688112713,-0.41,3.3,1.8,44.6,67.9,0.5,5.481,0.0355,0.048,0.0405,10.7,2.7,133.7,180.2,0.3,5.481,0.061,0.048,0.014,0.402693633128415,0,13516.6,81463.2,2069.2,0,1124.2,2153.6,569,21054.8,0,4793,2223,8034288.6,26940,101413.8,132545.4,189149.4,15129,7970.2,1150602.2,39784,1281,17935,22243.4,24845,33241,96007.6,71576.6,0,12924.6,25585.2,335009.8,29834,0,10432,8297.8,17610.2,0,3390,859,30586.4,0,0,0,380,0,0,0,1626,750,1701,481,877,415,0,693,0,0,23094,3579,0,12024,0,0,0,7002,0,0,2558,12731.4,0
"9","Armillaria_sinapina_PR9","a.sin.n",0.77,0.12,13.7,29.7,16,0.962419875,26.4,0.15,1.89,1.74,0.738989284,-0.36,2.3,1.8,9.1,12.9,1e-04,1e-04,0.1455,0.886,0.395,8.3,1.5,17,41.6,0.1,0,0.011,0.886,0,0.367607311046904,0,12125.6,94359.2,0,0,0,4440.6,0,8078.8,66728.2,6920,25868,8244955.6,23833,106890.8,119129.4,179879.4,14737,10978.2,1112801.2,42429,600,15218,22844.4,22923,34205,41938.6,62608.6,24442,208141.6,0,304791.8,20569,0,15087,6992.8,3993.2,0,3097,0,36246.4,0,0,0,0,0,0,0,0,0,0,0,0,0,0,0,0,0,0,0,0,0,0,0,0,0,0,0,0,278.4,0
"10","Armillaria_tabescens_FP102622_A3C","a.tab.n",0.5,0.07,15.1,33.3,18.2,1.123551612,27.6,0.22,3.65,3.43,0.445579967,-0.62,12.6,3.7,17.2,22.2,0.5,11.763,0.122,1.84,0.185,58.1,9.8,82.3,128.2,0.2,11.763,0.122,1.84,0,0.367607311046904,0,6384.6,70553.2,4666.2,0,860.2,2617.6,635,15724.8,0,8615,56363,8325507.6,33585,115963.8,139364.4,231756.4,19973,1475.2,1355271.2,48305,1460,20054,32018.4,33877,44045,146227.6,80001.6,34177,238546.6,0,465812.8,78798,0,9789,18558.8,12407.2,0,6027,352,39520.4,0,0,0,0,0,0,0,0,0,0,488,280,752,0,1819,389,0,3722,0,0,1236,0,0,0,676,0,0,0,0,4047.6
"11","Armillaria_tabescens_TJV93_261_A1E","a.tab.s",1.07,0.63,16.3,32.1,15.8,1.612728672,24.7,0.11,1.43,1.32,1.01992071,-0.27,6.8,2.2,8.9,9.6,0.2,17.004,0.631,1.625,1.369,28.3,2.7,33.9,29.9,-0.1,17.004,0.138,1.625,0,0,0,24796.6,0,0,0,500.2,2170.6,154,6504.8,73119.2,0,4768,13788.6,0,3122.8,4814.4,1061.4,0,5535.2,4505.2,7490,0,0,10059.4,0,0,3697.6,0,0,4829.6,0,226.8,0,0,761,295.8,459.2,0,15,0,9731.4,0,0,0,0,0,0,0,0,0,98,0,0,0,0,0,0,0,0,0,0,0,0,0,0,0,0,0,0,0,1454.6
"12","Fomes_fomentarius_TJV93_7_A3E","f.fom.n",4.71,0.002375,20.8,30.1,9.3,7.549717386,27.3,0.1,1.29,1.19,4.777815358,-0.24,1.8,1.6,15.7,8.4,0.1,40.244,0.377,1.056,0.136,2.6,1.9,29.4,20.8,0,40.244,0.377,1.056,0,0.28474739872575,NA,NA,NA,NA,NA,NA,NA,NA,NA,NA,NA,NA,NA,NA,NA,NA,NA,NA,NA,NA,NA,NA,NA,NA,NA,NA,NA,NA,NA,NA,NA,NA,NA,NA,NA,NA,NA,NA,NA,NA,NA,NA,NA,NA,NA,NA,NA,NA,NA,NA,NA,NA,NA,NA,NA,NA,NA,NA,NA,NA,NA,NA,NA,NA,NA,NA,NA,NA,NA,NA,NA
"13","Hyphodontia_crustosa_HHB13392_B7B","h.crust.n",1.96,0.12,7.1,30.3,23.2,1.694426313,25.6,0.09,1.28,1.19,1.91152886,-0.23,1.5,1.9,8.3,4.2,0.4,5.429,0.019,0.103,0.026,2.4,1.4,25,10.9,-0.1,5.429,0.019,0.103,0,0.569494797451499,0,59962.6,10481.2,0,19141.8,1682.2,1287.6,387,243713.8,31246.2,5910,475,4902035.6,15298,83905.8,140092.4,147691.4,12849,2794.2,782351.2,35339,977,13094,20689.4,22339,29928,57984.6,43358.6,21164,130108.6,0,271767.8,15554,0,1960,5990.8,11420.2,0,3184,0,21781.4,0,0,0,0,0,0,0,0,0,0,0,0,0,0,0,0,0,0,0,0,0,0,0,0,0,0,0,0,0,0
"14","Hyphoderma_setigerum_HHB12156_B3H","h.seti.n",4.11,0.09,16.9,29.4,12.5,8.024240476,26.8,0.12,1.31,1.19,4.726253434,-0.26,5.7,0.6,6.3,9.3,0.3,28.949,0.236,0.179,0.057,2.7,0.9,38.7,3.5,0.6,27.752,0.236,0.313,0,0.753370803500884,0,17342.6,41876.2,294.2,0,0,1335.6,395,4166.8,0,0,1069,377925.6,0,13819.8,0,8799.4,296,0,1102463.2,33581,0,12765,15989.4,22754,17915,23681.6,0,25943,195224.6,0,314093.8,35741,0,9212,0,0,5387.8,12203,28935,1369.4,0,121.2,0,989,0,245,0,0,0,0,452,3562,0,0,0,3460,5503,5304,0,3175,3739,0,0,333482,10550,0,184620.8,4108,957.4,2317.6
"15","Hyphoderma_setigerum_FP150263_B2C","h.seti.s",4.7,0.03,19,28.7,9.7,6.358749717,26.7,0.36,1.74,1.38,4.805031058,-0.56,3.1,1.2,3.8,2.9,0.2,27.749,0.184,0.805,1e-04,1.5,1,8,1.5,0.2,23.605,0.184,0.219,0,0.569494797451499,NA,NA,NA,NA,80220.8,2730.2,1119.6,10379,324701.8,8860.2,0,7850,10464958.6,31785,191158.8,276092.4,292267.4,25066,42672.2,1590606.2,62348,1994,26842,38421.4,53852,55232,99042.6,67474.6,46990,277246.6,0,477023.8,37606,0,25803,11897.8,0,1227.8,8366,464,45803.4,0,0,0,0,0,0,0,0,787,0,96,0,0,0,256,0,0,0,0,0,0,0,0,0,0,0,0,0,530.4,0
"16","Laetiporus_caribensis_GDL1_A1A","l.carib.s",3.77,0.1,17.4,30.1,12.7,6.152065072,27.5,0.43,2.28,1.85,4.473590171,-0.65,5.6,3,2.3,22.6,0.3,31.741,1e-04,0.5185,1e-04,5.6,4.3,10.7,33.6,0,0,0,0.02,0,0.519875244910036,NA,NA,NA,NA,NA,NA,NA,NA,NA,NA,NA,NA,NA,NA,NA,NA,NA,NA,NA,NA,NA,NA,NA,NA,NA,NA,NA,NA,NA,NA,NA,NA,NA,NA,NA,NA,NA,NA,NA,NA,NA,NA,NA,NA,NA,NA,NA,NA,NA,NA,NA,NA,NA,NA,NA,NA,NA,NA,NA,NA,NA,NA,NA,NA,NA,NA,NA,NA,NA,NA,NA
"17","Laetiporus_conifericola_HHB15411_C8B","l.conif.n",5.16,0.04,17.5,29.6,12.1,7.722733051,27.1,0.3,1.52,1.22,5.233270444,-0.56,2.6,1.3,46.6,12.6,1.5,32.311,0.007,0.866,1e-04,1.8,1.7,32.3,9.5,0.2,0,0.007,0.67,0,0.28474739872575,0,1777.6,0,1739.2,12026.8,6168.2,1558.6,1187,111953.8,21795.2,4396,43762,8817644.6,22491,130393.8,144216.4,209266.4,16797,0,1131068.2,42050,1136,17590,21893.4,26664,34732,195350.6,0,24747,201968.6,0,293451.8,17399,0,1238,4431.8,2346.2,0,1957,274,20775.4,0,0,0,0,0,0,0,0,0,0,0,0,0,0,0,0,0,0,0,0,0,0,0,0,0,0,0,0,75.4,3373.6
"18","Lentinus_crinitus_PR2058_C1B","l.crin.s",6.38,0.05,22.4,40.2,17.8,13.17871643,33.8,0.13,1.68,1.55,5.936369698,-0.31,0.2,0.6,0.3,3.3,0.1,21.799,0.161,0.261,1e-04,1.8,1.5,3.2,7.9,0,10.527,0.161,0.261,0,0.569494797451499,35566,16783.6,11202.2,3100.2,4674.8,1107.2,2321.6,670,7182.8,0,6879,6862,9210664.6,29479,151676.8,226864.4,245722.4,21264,29214.2,1599829.2,51301,2165,27204,46611.4,38278,46647,48603.6,69018.6,42283,231720.6,0,407027.8,37168,0,363,11769.8,9163.2,0,6459,10861,27989.4,0,0,0,0,0,0,0,0,0,0,301,0,0,0,134,0,0,0,0,0,0,0,0,0,0,0,0,0,0,246.6
"19","Laetiporus_gilbertsonii_CA6_C2D","l.gilb.s",4.14,0.12,20.6,33.1,12.5,6.789281617,30.5,0.16,1.63,1.47,4.126826123,-0.33,2.1,1.1,9.7,17.4,0.3,28.931,1e-04,1e-04,1e-04,2.9,1.5,14.6,14.8,0.1,0,0,0,0,0.328797974610715,0,5278.1,0,0,0,1274.2,0,213.5,1421.8,0,0,2695.5,31976.1,0,1563.3,17687.4,0,0,0,12556.7,671.5,836,2736.5,18029.4,0,318.5,1088.1,0,0,3003.1,0,2331.8,0,0,2307.5,0,0,0,2448.5,0,18.3999999999996,0,0,0,0,0,0,0,0,0,0,0,0,0,0,0,0,227.5,0,0,0,0,0,0,0,0,0,0,0,0,2907.1
"20","Laetiporus_huroniensis_HMC1_C2H","l.huron.n",3.39,0.41,19.4,29.5,10.1,3.723044009,25.9,0.33,1.55,1.22,3.509664262,-0.58,1.8,1.3,21.2,8.5,0.5,1e-04,1e-04,0.015,1e-04,2.6,1.6,32.9,12.9,-0.1,0,0,0.015,0,0.232495277487639,0,296475.6,41283.2,2972.2,6962.8,4310.2,5780.6,1071,5773.8,0,1182,41571,90184.6,0,3062.8,0,6574.4,0,11258.2,119832.2,0,0,6594,110240.4,0,3940,116592.6,0,0,6376.6,0,13820.8,0,0,22352,0,1197.2,0,3879,8804,623.4,0,0,0,0,0,0,0,0,0,0,0,0,0,0,2590,811,4257,0,0,0,0,0,0,2105,0,0,0,0,0,1975.6
"21","Mycoacia_meridionalis_FP150352_C4E","m.meri.s",1.3,0.84,15.5,28.4,12.9,1.88158113,25.8,0.09,1.28,1.19,1.317602262,-0.23,4,1.2,1e-04,2.6,1e-04,0.049,1e-04,2.265,1e-04,3.6,1.5,9.1,12.8,-0.1,0.049,0,0,0,0.569494797451499,0,66419.6,26992.2,1580.2,1306.8,1044.2,1812.6,895,2439.8,0,400,68108,50774.6,0,0,0,332.4,0,0,97464.2,0,0,4134,123870.4,0,3120,235709.6,0,0,6356.6,0,15385.8,0,0,0,0,4137.2,0,2028,8368,13401.4,0,0,0,0,0,0,0,0,0,0,0,0,0,0,0,0,0,0,0,0,0,0,0,613,0,0,0,0,0,1245.6
"22","Merulius_tremullosus_FP102301_C3E","m.trem.n",10.62,0.08,16.6,34.2,17.6,12.16134702,30.4,0.12,1.31,1.19,11.39773796,-0.26,2.1,1.2,11,3.1,1e-04,14.555,1e-04,0.7325,1e-04,2.4,1.1,17.8,7.6,-0.1,14.555,0,0.286,0,0.78842984571972,0,23627.6,15925.2,219.2,0,0,0,0,4165.8,0,0,8152,9581.6,0,0,0,0,0,0,154710.2,0,0,11767,28749.4,0,14953,80471.6,0,1396,15720.6,0,34614.8,0,6754.8,93101,1337.8,2278.2,0,20426,1940,1085.4,0,0,0,0,0,0,0,0,0,0,0,0,0,0,0,0,0,0,0,0,0,0,0,0,0,0,0,0,0,0
"23","Merulius_tremellosus_FP150849_C3F","m.trem.s",9.62,0.02,15.8,34,18.2,11.83958075,30.3,0.14,1.38,1.24,10.10426936,-0.28,2,1.3,2.1,2.9,1e-04,1.492,1e-04,2.4,1e-04,2.2,1.7,7.1,3.8,-0.2,1.492,0,0,0,0.838273644284909,0,75109.6,14096.2,0,2703.8,549.2,3721.6,1433,4642.8,81844.2,0,4551,24055.6,0,2192.8,0,581.4,0,0,52405.2,8261,0,2368,27114.4,0,1190,45024.6,5312.6,0,4448.6,0,8644.8,0,0,1394,0,2084.2,0,3736,0,1654.4,0,0,0,0,0,0,0,0,0,0,0,0,0,0,0,0,5627,0,0,0,0,0,0,432,0,0,0,0,0,0
"24","Phlebiopsis_flavidoalba_FP102185_B12D","p.flav.n",8.04,0.05,18.8,35,16.2,13.76448067,30.7,0.15,1.72,1.57,7.848384865,-0.33,2.2,1.3,2,2,0.2,1e-04,1e-04,1.094,1e-04,2.2,1.7,1.2,2.5,-0.2,0,0,0.005,0,0.592748978363819,14782,434547.6,64837.2,981.2,4911.8,3590.2,4868.6,1281,6009.8,19857.2,2720,6070,69569.6,0,6149.8,8795.4,7183.4,127,5005.2,116119.2,2292,0,5547,102773.4,0,4050,17784.6,0,0,5032.6,0,12424.8,0,0,53495,0,0,0,5995,4409,1520.4,92273,0,0,0,0,0,0,0,0,0,0,0,0,0,0,0,0,0,0,0,0,0,0,2513,0,0,0,28,456.4,1790.6
"25","Phlebiopsis_flavidoalba_FP150451_A8G","p.flav.s",10.8,0.04,15.7,32.7,17,13.23061069,27.4,0.27,2.81,2.54,10.97296025,-0.58,2.2,1.5,3,2.9,0.1,1e-04,1e-04,1.066,1e-04,3.2,2.6,3,2.3,0,0,0,0.005,0,0.986393923832144,14782,434547.6,64837.2,981.2,4911.8,3590.2,4868.6,1281,6009.8,19857.2,2720,6070,69569.6,0,6149.8,8795.4,7183.4,127,5005.2,116119.2,2292,0,5547,102773.4,0,4050,17784.6,0,0,5032.6,0,12424.8,0,0,53495,0,0,0,5995,4409,1520.4,92273,0,0,0,0,0,0,0,0,0,0,0,0,0,0,0,0,0,0,0,0,0,0,2513,0,0,0,28,456.4,1790.6
"26","Phellinus_gilvus_HHB11977_C4H","p.gilv.n",4.04,0.03,16.7,35.3,18.6,4.396356135,31.5,0.31,1.71,1.4,4.222930764,-0.6,2.2,1.2,3.4,3.3,0.3,14.4575,0.249,0.307,0.113,3.4,2,9.3,6,-0.1,28.378,0.361,0.307,0.054,0.464990554975277,0,26601.6,46861.2,2928.2,0,9.19999999999999,1203.6,1525,4477.8,22641.2,569,83661,7038.6,0,0,0,0,0,1274.2,4285.2,0,0,1564,91492.4,0,0,70951.6,0,0,2793.6,0,3478.8,0,0,106051,0,14474.2,0,19987,4320,657.4,0,0,0,0,0,0,0,0,0,0,0,0,0,0,0,4080,0,0,0,1250,18,0,0,393,0,0,0,0,0,0
"27","Phellinus_hartigii_DMR94_44_A10E","p.har.n",1.54,1.8,9.6,28.2,18.6,1.158987574,19.1,0.42,1.99,1.57,1.824692822,-0.65,2.5,1.9,14.4,5.2,0.9,2.2675,1.3925,0.132,2.682,4.1,3.4,25.9,8.5,0.7,4.036,0.09,0.251,0,0.493196961916072,0,55143.6,0,0,0,0,2425.6,0,5457.8,5695.2,0,0,15390.6,0,0,9698.4,14.3999999999996,0,0,23678.2,2417,0,1135,62891.4,0,393,81258.6,6689.6,0,525.6,0,3956.8,0,0,111132,0,1146.2,0,14001,0,0,0,0,42628,0,17427,1999,4027,0,112232,0,0,0,0,0,211,0,0,1861,1431,0,97,0,0,0,2332,18272,0,0,2497.4,695.6
"28","Porodisculus_pendulus_HHB13576_B12C","p.pend.n",4.06,0.32,16.7,31.7,15,3.373207913,26.4,0.34,1.58,1.24,4.454101278,-0.64,2.9,1.1,17,17.5,1e-04,32.647,1e-04,0.134,0.118,11,1.7,9.9,15,0,0,0,0,0.118,0.464990554975277,0,0,0,67199.2,0,2967.2,0,122,0,0,0,0,355692.6,540,12568.8,0,0,0,9619.2,1206163.2,0,877,32859,22126.4,0,16547,66809.6,1435.6,22986,20321.6,0,274292.8,35841,0,4179,0,0,558.8,5194,0,47653.4,0,0,0,221,0,682,0,0,1651,121,0,692,0,0,0,0,649,267,96,0,675,0,130,492,522,0,0,0,252.4,3943.6
"29","Phellinus_robiniae_FP135708_A10G","p.robin.n",2.3,0.07,20.7,33,12.3,5.733109635,30.2,0.31,1.84,1.53,2.432534738,-0.63,1.8,1.3,14.6,7.9,1e-04,31.736,0.7275,0.4095,0.892,2.6,0.9,31,10.6,-0.1,0,0.932,0.041,0.892,0.519875244910036,0,18565.6,28980.2,2920.2,0,1017.2,1596.6,1121,7075.8,0,797,2970,145397.6,0,6442.8,13304.4,7966.4,616,0,102616.2,150,162,4356,77775.4,1635,4974,10433.6,904.6,145,6809.6,0,9326.8,0,0,23003,1279.8,1061.2,0,5875,5059,1849.4,0,0,0,5098,0,0,0,719,0,2371,28,10992,145,0,11913,12787,66459,3381,12284,8304,3365,0,6965,4812,37690,0,822057.8,3309,7667.4,4862.6
"30","Phellinus_robiniae_AZ15_A10H Banik/Mark","p.robin.s",2.14,0.12,19.8,31.6,11.8,4.366728528,28.7,0.31,1.79,1.48,2.257182749,-0.62,1.4,0.8,9.4,2.3,1e-04,32.04,5.525,0.277,5.396,2.5,1.5,26.8,8.1,-0.2,0,6.558,0,6.578,0.232495277487639,0,254019.6,51196.2,3523.2,3538.8,2665.2,4743.6,711,10563.8,183.199999999997,1687,11656,68367.6,0,5020.8,3710.4,6841.4,482,8308.2,104648.2,460,0,4150,112431.4,0,3603,6719.6,0,0,4577.6,0,11847.8,0,0,16973,0,224.2,0,2044,2648,1987.4,0,0,0,0,0,0,0,0,0,0,0,0,0,0,0,0,0,0,0,0,0,0,0,1447,0,0,0,0,0,3324.6
"31","Phlebia_acerina_MR4280_B9G","p.rufa.acer.n",8.75,0.14,13.6,31.3,17.7,10.88993013,27.7,0.1,1.29,1.19,10.24630966,-0.24,0.6,1.1,2.9,1.4,1e-04,32.306,0.068,0.473,0.21,2.6,1.9,9.9,3.1,0.1,0,0.068,0,0.21,1,0,61907.6,90630.2,2682.2,6655.8,825.2,1290.6,1732,6885.8,0,342,10373,2981912.6,17074,35525.8,42670.4,88254.4,8417,0,691109.2,20054,331,9798,18211.4,12485,19675,90322.6,62918.6,15335,178744.6,0,237382.8,39142,0,2515,7186.8,8252.2,0,1113,0,28912.4,0,0,0,0,0,0,0,0,0,668,497,0,442,0,0,1812,0,0,0,164,0,0,0,0,0,0,0,0,0,0
"32","Phlebia_acerina_DR60_A8A","p.rufa.acer.s",8.51,0.27,11.8,30.4,18.6,9.702107683,26.6,0.34,1.62,1.28,10.27076125,-0.71,1.6,1.1,0.9,1.9,1e-04,15.825,1e-04,0.073,0.099,1.8,1.3,2.7,1.5,0.1,0,0,0,0.099,0.972597525159275,0,110343.6,54197.2,325.2,11344.8,590.2,1103.6,1635,14884.8,13777.2,0,0,267960.6,0,2093.8,4756.4,0,0,0,0,5382,0,0,65340.4,0,0,2963.6,142.6,0,2450.6,0,765.8,0,0,1145,1851.8,0,0,0,0,2964.4,0,0,0,0,0,0,0,0,0,0,617,0,1240,0,12147,21539,38368,0,0,10523,0,0,0,7546,0,0,0,0,0,0
"33","Pycnoporus_sanguineus_PR_SC_95_A11C","p.sang.s",4.97,0.02,23.5,41.4,17.9,15.56877033,37.8,0.37,2.08,1.71,5.075268467,-0.57,1.9,1,1.4,1.2,1e-04,16.188,0.185,0.1395,0.0455,11.7,1.4,2.7,6.6,0.1,29.881,0.185,0.24,0,0.697485832462916,39436,27447.6,19966.2,211.2,22.8000000000002,0,1211.6,326,1144.8,21218.2,860,1580,27000.6,0,1560.8,5772.4,0,0,2880.2,20144.2,3352,0,1895,47432.4,0,0,6227.6,390.6,0,2932.6,0,2805.8,0,0,50652,0,917.2,0,5477,6763,1555.4,0,0,0,0,0,0,0,0,0,0,0,0,0,0,0,0,0,0,0,0,0,0,0,0,0,0,0,2701,0,0
"34","Schizophyllum_commune_TJV93_5_A10A","s.comm.n",4.41,0.53,17.8,37.1,19.3,8.984397239,32.3,0.47,2.67,2.2,6.889311397,-0.73,5.6,1,14.3,28.8,1e-04,1e-04,1e-04,1e-04,0.036,5.7,0.7,21.4,25.2,0,0,0,0,0.007,0.657595949221429,0,12558.6,57636.2,1653.2,1151.8,1491.2,1835.6,17273,8919.8,0,6447,0,8780304.6,24585,69230.8,159588.4,226822.4,10671,0,1270723.2,7493,1106,19129,23515.4,28314,44009,102029.6,52162.6,32387,117571.6,11280.2,303656.8,25475,0,0,9726.8,17185.2,242.8,15483,0,23425.4,0,0,0,0,0,0,0,0,0,0,254,0,389,0,0,0,0,0,0,0,0,0,0,0,0,0,0,0,0,5542.6
"35","Schizophyllum_commune_PR1117","s.comm.s",2.57,0.59,21.7,35.7,14,8.351633279,32.8,0.42,2.74,2.32,3.646786106,-0.82,6.8,1.4,16.9,4.5,0.1,1e-04,1e-04,1e-04,0.112,10.7,1.3,22.6,8.4,0,0,0,0,0,0.592748978363819,0,28244.6,79138.2,3458.2,6681.8,5410.2,4080.6,4559,13105.8,12092.2,9762,9817,10601154.6,32866,159103.8,217827.4,249214.4,24785,50647.2,1604573.2,86464,362,76132,32354.4,39664,49566,65585.6,71450.6,39352,249318.6,0,438866.8,42974,0,33221,14826.8,5726.2,6576.8,6557,599,42518.4,0,0,0,0,0,0,0,0,0,526,986,0,0,0,3694,738,88,477,0,226,183,0,0,1486,3761,0,0,0,513.4,6044.6
"36","Tyromyces_chioneus_HHB11933_B10F","t.chion.n",3.88,0.06,19,33.6,14.6,9.442142902,30.6,0.08,1.27,1.19,3.550964764,-0.22,14.9,2.5,1.8,47.7,1e-04,0.77,1e-04,1e-04,1e-04,6,3.1,3.4,20.7,0,0.77,0,0,0,0.805387266256829,0,87658.6,0,2150.2,7358.8,2151.2,1972.6,5536,81828.8,6015.2,922,1714,70192.6,0,16390.8,61151.4,2390.4,329,1894350.2,85366.2,2441,0,5334,98343.4,0,2155,4427.6,1411.6,0,6829.6,0,10947.8,0,211545.8,2942,422.8,339.2,101468.8,3291,369,7623.4,4603195,0,0,0,0,0,0,0,0,288,0,0,0,0,0,0,0,0,0,0,216,0,0,462,0,0,0,233,0,67.6
"37","Xylobolus_subpileatus_FP102567_A11A","x.sub.s",0.77,1.74,5.1,33.6,28.5,1.08063127,22.2,0.29,5.25,4.96,0.849988118,-0.88,4.3,1.6,52.5,50.8,1e-04,1e-04,1e-04,1e-04,0.0545,10.2,1.4,88.8,82.5,0.4,0,0,0,0.001,0.493196961916072,0,53639.6,42354.2,6293.2,14705.8,3426.2,30812.6,2190,14811.8,47655.2,7288,60828,10159884.6,32747,212722.8,232342.4,333129.4,28129,55770.2,2200439.2,60904,3759,53041,79880.4,35517,78481,66014.6,79929.6,38605,266308.6,0,438887.8,44338,0,83736,14372.8,14611.2,1008.8,16663,11452,40204.4,0,0,0,0,0,0,0,0,0,0,1391,0,624,0,1269,114,0,0,0,0,0,0,0,0,0,0,0,0,382.4,45135.6
